Trajectory_ID,Samples,Duration_s,Mean_Remaining_Time_s,MAE_s,RMSE_s,R2
2,2815,2790.06999999995,1394.70467140315,228.048785869356,319.639660518288,0.842710890914509
8,3532,3502.06999999995,1751.42944224231,377.822216164527,484.804130211243,0.770086807727321
12,3034,3007.49000000005,1502.49492419248,390.240797472141,430.743206744758,0.754481687596403
34,3178,3150.84000000008,1575.82469792327,462.825951839786,563.695870219128,0.616259945298661
35,2790,2767.34999999998,1383.68525089601,315.532067023527,394.136920485116,0.75689515843413
44,2035,2017.57000000007,1008.58222604429,336.092664770428,382.062421964316,0.569583862765819
51,2222,2200.89000000013,1100.24859135923,498.07378760637,600.584725075942,0.107961397349432
53,2665,2640.42999999993,1320.49531707308,120.055909174192,157.303487590621,0.957413315818327
54,4245,4204.76000000001,2101.55319670199,977.983627253742,1126.02657166466,0.140452478649267
56,2660,2636.42999999993,1318.16885338352,256.561060648416,351.42208632455,0.786773754349179
70,2403,2381.12999999989,1191.02993757804,230.965192513752,264.551871109861,0.85184527500038
81,2804,2776.3600000001,1387.886847361,292.919190307199,361.81552502407,0.796469690286179
89,2230,2209.93000000017,1104.1195874441,254.874318798612,312.963626530061,0.759465320473576
105,1775,1759.80000000005,879.596388732324,390.530737326093,440.292816753708,0.248886920536356
113,2925,2899.50000000023,1449.53919316254,297.802957942496,368.994541226768,0.805634297452576
116,2124,2102.97999999998,1050.52884651597,258.558650736362,280.550198471827,0.787007737600799
119,2455,2431.02000000002,1214.67021181256,172.535791063144,209.573998718951,0.911015268894206
122,2479,2456.44999999995,1228.30010488106,255.836252271903,304.138188220164,0.816368454954164
135,2485,2461.63000000035,1229.88232595602,229.288999880966,277.403179964688,0.847895090746879
140,1824,1806.41000000061,901.805509868618,316.103549899898,354.994351636716,0.537731271512398
141,2730,2703.72999999998,1350.78641025636,208.375154240443,270.680116028641,0.879923173005656
151,3203,3305.33000000007,1635.46222291614,718.499951774179,831.245781014565,0.267288027917742
155,2212,2190.21999999974,1094.53679475577,447.303474299655,523.777947060583,0.314579483574031
180,3194,3166.09999999963,1583.16683155884,459.915298557858,598.357059042502,0.571450333138369
184,2134,2113.18000000017,1055.46250234311,473.915869055212,676.90603722421,-0.228740396426337
185,2147,2125.21000000043,1061.73762925036,183.149630041579,231.430751189251,0.858074918961393
193,2427,2408.10000000009,1201.97746600742,253.370629167957,288.069598400727,0.828668728044532
194,2428,2403.14999999991,1200.29359967075,169.458809705879,226.338932977295,0.893860905563477
199,1594,1577.34999999963,788.564648682458,544.127420119378,579.465219024354,-0.614631785756632
200,2084,2066.75,1034.49255758154,258.033136671749,306.408175419026,0.736456599232274
205,2070,2051.22999999952,1026.1741400964,280.01717722599,334.272069314778,0.681578371405489
228,2464,2441.5,1219.97560064931,213.194721040567,260.478328356592,0.863570804840744
230,1545,1530.34000000032,764.533423948573,516.423875343941,533.596999579093,-0.453904962538877
242,2640,2616.78000000026,1308.57207575783,338.701921630451,398.622963053671,0.721664645497655
243,1986,1967.31999999983,984.044783484382,222.255739403886,277.411485154246,0.761730709191521
244,3071,3043.9700000002,1521.58927710854,484.142966940714,591.324251103468,0.547991468400673
247,2097,2079.06000000006,1039.73685741518,399.735698592003,495.033112131288,0.319635071206105
249,1512,1498.88000000035,749.862493386422,661.196556816266,721.891370167112,-1.78480017368879
250,2148,2128.25,1062.82674581008,144.399473682807,177.837896727545,0.916379838891413
258,2211,2190.96999999927,1094.43946178169,111.598551802734,141.287533320338,0.950165590120628
263,1332,1318.29999999981,659.163926425997,710.862547074214,763.511307499658,-3.01367207881262
266,2245,2224.2200000002,1111.71204899814,218.943293447427,269.10799198348,0.824504661915607
274,1827,1809.09999999963,903.4044772848,254.415198212168,318.418358050043,0.629197468213125
275,795,786.779999999795,393.19466666676,728.477426356033,774.808087303581,-10.5618307225969
282,1121,1110.79000000004,555.474603032771,565.939124165521,597.66437791381,-2.47277780017247
307,1652,1637.08000000007,818.044715496848,578.31184880386,655.555043135192,-0.922463608714812
315,3055,3024.86000000034,1511.80337152219,599.149718124422,700.689566085061,0.35717546205408
326,2148,2126.6400000006,1062.81898510264,391.205273890642,526.444193316903,0.266274834703196
360,2135,2116.3900000006,1058.09311475441,217.240087239659,275.774459370898,0.796737524428865
366,1293,1279.96999999974,639.805096674303,837.817103459811,850.737408354668,-4.27627951114933
368,2484,2460.87999999989,1230.35653784239,420.888669251392,485.91743408392,0.533027444755003
369,2219,2197.73999999929,1098.44518251446,297.891376016079,377.988765703932,0.64558621122951
385,1771,1754.87000000011,878.243444381954,310.919940964038,365.949075901754,0.478555867558979
392,1100,1091.37000000011,545.75732727284,600.814951628735,647.112768736336,-3.21339687750266
397,2842,2817.84999999963,1408.59575650941,650.1667593135,755.15690065935,0.139518439072808
403,2445,2420.64999999944,1209.46996318983,479.904704498782,544.849666722435,0.39307545877291
407,2240,2218.33999999985,1108.88234374999,278.179328238816,337.560153297899,0.722561529323443
410,1562,1546.31999999937,772.386190781192,282.580156497333,365.215731309807,0.332755482630876
413,1861,1844.50999999978,922.221316496227,192.834111662409,243.423648712552,0.791795965812202
414,1243,1230.91999999993,614.959919549013,787.173467307386,804.225678845588,-4.10180700873042
429,1279,1265.65999999922,632.47102423746,756.447467182533,776.448808035694,-3.49840330138271
443,2841,2815.23999999929,1407.37821189662,469.698372863172,567.121031197649,0.513576665961174
447,1291,1277.34999999963,638.441525949227,710.628607220033,778.359129584608,-3.44239822476754
448,2128,2106.5,1052.50198308272,463.829178439611,523.521253577736,0.261002431933665
455,1795,1780.78999999911,890.669080780009,163.348182257122,222.033790542463,0.813704023820994
466,2137,2116.34999999963,1057.6387505844,199.949072426294,242.379338495097,0.842978625945218
469,1859,1842.30999999959,920.494620763768,165.560414514382,196.38011500281,0.86412244223028
471,1741,1725.34000000078,863.071596784263,267.688191415069,297.705205355109,0.643105992960572
473,1744,1728.6799999997,865.072362385195,129.217724294591,181.568219477907,0.867742887584952
475,1829,1811.71999999881,905.173132858657,236.380553270576,290.414581020685,0.692875783024872
477,1563,1545.84999999963,772.484075495647,285.927605453832,354.326315599813,0.371915945797179
480,1601,1586.54000000097,792.625221736982,272.854427448671,335.351484410563,0.465215045511094
487,1234,1220.03999999911,608.878987033962,604.197218796455,662.006509181987,-2.51556217001057
490,681,672.839999999851,336.231130689823,1190.10466052281,1239.37591272803,-39.3897901132557
491,1232,1218.23000000045,608.240925325612,758.732042824404,813.850980303292,-4.31854237839978
500,1504,1491.5,746.544082446793,117.162895791452,138.970935839554,0.89597284881933
501,1520,1505.29000000004,751.934046052201,219.73910455271,247.1478597317,0.677720947308555
508,2731,2706.88999999966,1353.49840717623,516.415501813292,673.252285279528,0.259033519240904
510,1235,1224.12999999896,612.079797570255,585.403140058564,653.158141212593,-2.40139136669641
514,1385,1504.04999999888,801.210974728714,165.689838048729,193.727161484822,0.7907074301031
515,2427,2403.81999999844,1200.363774206,343.239497898082,412.237761385267,0.648300787680553
520,2107,2089.6799999997,1045.30997626973,383.364635457264,462.30878207999,0.413016298734545
524,371,366.029999999329,182.70021563433,1004.78006722315,1031.86622314424,-93.098418214199
531,3233,3206.38000000082,1602.86843179769,833.734151058303,982.80533069088,-0.126805128815103
533,649,641.289999999106,320.071463790913,651.05590788939,669.40822454876,-11.9757312599644
534,643,634.290000000969,316.731104199214,987.588224857936,1036.11624054317,-30.662223692039
537,1982,1964.58999999985,982.175121090184,303.035889580957,357.94013945373,0.602005391464665
542,1728,1712.00999999978,856.705150463184,182.284958403056,218.826364762048,0.804169671249278
556,1579,1564.45000000112,781.57555414842,439.093877356749,544.917858122467,-0.4492438435429
570,1841,1824.95999999903,912.449136338513,339.029792150486,414.810956692095,0.382205317461439
577,2148,2128.31000000238,1063.81024674253,288.392539004916,374.057916280003,0.630375468947884
579,1712,1695.46000000089,848.090899533278,188.28312186621,257.938319625974,0.722575313470594
583,98,95.0600000005215,48.3332653073594,387.702908443662,438.401579572153,-240.015840191933
596,634,626.580000001937,312.670946372588,506.654989935926,518.708807794534,-7.11845295254982
616,1522,1506.11999999918,752.062286465439,226.563795300389,248.352726725545,0.675589080074167
617,693,684.990000000224,342.260634920671,630.760643344895,685.984677388016,-10.964908167315
633,2315,2295.31999999844,1148.6269546418,428.217833059408,551.69152106837,0.30733624291655
647,92,89.7600000016391,45.4467391311191,373.795503437125,429.566327203886,-261.440524349814
663,928,917.919999999925,458.169331896109,594.517699430026,622.787534764865,-4.49260640648449
673,644,639.580000001937,319.525465839635,932.002046007283,945.761534625587,-25.0559006536865
677,1278,1266.1099999994,632.069600939179,500.693813726106,631.418498097193,-1.97199094365846
680,919,908.789999999106,453.908672469377,692.938597943613,731.854682473747,-6.71688327374545
681,929,918.729999998584,459.136124865185,396.031039184736,462.622372030683,-2.01871516036359
686,1216,1202.26999999955,600.725139801493,453.493916738735,510.374940069988,-1.1506193441991
707,333,327.839999999851,163.828468467526,1080.15881148098,1089.82640597005,-128.444098839332
717,309,305.299999998882,152.252880259324,746.531774749326,753.601471188513,-70.4715265422104
719,948,936.109999999404,467.297616033208,354.239507014163,427.976513759067,-1.48840571106775
722,1491,1478.26999999955,739.791462105305,237.79788164737,277.552010053791,0.577531080612104
737,743,736.959999999031,368.769676984713,545.254513766861,583.232549863611,-6.4844298890708
747,1821,1802.95000000112,900.775667215993,406.371420343447,475.713308169293,0.167315229667207
750,85,81.929999999702,41.6714117657831,381.870696113244,439.10684403387,-320.853593808165
753,1519,1503.97000000067,751.008433180679,252.022488521003,314.982419065907,0.475651478281411
760,68,64.570000000298,32.8289705894559,355.208286624966,425.120851764641,-472.10453108202
769,133,129.800000000745,65.5724060149037,523.113561221583,566.049517033203,-216.83251094136
787,610,601.39999999851,299.859557375868,319.091307728113,349.924297342619,-2.99481653417111
791,923,912.209999999031,455.275482123175,275.144836720218,315.346270040802,-0.423673577952282
797,611,604.129999998957,301.712995090188,497.731430675681,510.886647786017,-7.46551631608408
798,610,601.669999999925,300.059213114692,452.692040699241,462.032911251435,-5.9638154668771
801,58,55.6900000013411,28.4608620690053,357.879237991203,441.139575341384,-698.772718564482
808,625,617.419999999925,308.298688001192,564.178994131477,587.727354767664,-9.73144820225853
809,97,94.019999999553,47.7052577315762,404.299601611065,464.815387880241,-275.583723423635
812,57,53.679999999702,27.3731578948597,348.848461244676,441.151991855741,-726.393458670069
815,913,901.63000000082,449.481117196187,213.141375825953,236.362821432682,0.182347595209365
816,61,58.2400000002235,29.3267213129057,373.299540020517,457.658956150905,-680.370360523545
